<?xml version="1.0" encoding="iso-8859-1"?>
<mosinstall version="1.0.0" type="mambot" group="content">
	<name>Feederator Podcasts</name>
	<author>Anton Nikiforov</author>
	<creationDate>5/10/2008</creationDate>
	<copyright>(c) 2007 Recly Interactive</copyright>
	<license>http://www.gnu.org/copyleft/gpl.html GNU/GPL</license>
	<authorEmail>support@recly.com</authorEmail>
	<authorUrl>www.recly.com</authorUrl>
	<version>1.0</version>
	<description>Displays Podcasts, to be used with Feederator. Usage:{fpod}http://www.podcast.com/url{/fpod} (replace http://www.podcast.com/url with your podcast URL). Or:{fpod}[FEED_ID]{/fpod} where [FEED_ID] is ID of a feed in Feederator</description>
	<files>
		<filename mambot="fpod">fpod.php</filename>
	</files>
	<params>
		<param name="number_of_items" type="text" default="5" size="5" label="Number of items" description="Number of items to display" />
	</params> 
</mosinstall>
