<?xml version="1.0"  encoding="iso-8859-1"?>

<mosinstall type="component">
    <name>Feederator</name>
    <creationDate>June 2008</creationDate>
    <author>Anton Nikiforov</author>
    <copyright>Recly Interactive</copyright>
    <authorEmail>st@recly.com</authorEmail>
    <authorUrl>http://www.recly.com/</authorUrl>
    <version>1.0.3</version>
    <description>Feederator - RSS feeds manager</description>
    <params></params>
    <files>
	<filename>feederator.php</filename>
	<filename>index.html</filename>	
	<filename>images/down.gif</filename>
	<filename>images/download.gif</filename>
	<filename>images/externalrssfeedicon.gif</filename>
	<filename>images/ituneschicklet.gif</filename>
	<filename>images/itunesfeedicon.gif</filename>
	<filename>images/itunesicon.jpg</filename>
	<filename>images/rssfeedicon.gif</filename>
	<filename>images/tick.gif</filename>
	<filename>images/cross.gif</filename>
	<filename>images/up.gif</filename>	
	<filename>includes/rss/add.php</filename>
	<filename>includes/rss/display.php</filename>
	<filename>includes/rss/edit.php</filename>
	<filename>includes/rss/main.php</filename>
	<filename>includes/rss/save.php</filename>
	<filename>includes/rss/index.html</filename>
	<filename>includes/search/search.php</filename>
	<filename>includes/search/index.html</filename>
	<filename>includes/swf_player/dewplayer.swf</filename>
	<filename>includes/swf_player/index.html</filename>
	<filename>includes/swf_player/license.txt</filename>
	<filename>includes/index.html</filename>		
	<filename>language/english.php</filename>
	<filename>language/english.xml</filename>
	<filename>language/index.html</filename>
	<filename>templates/podcasts/main.tpl.php</filename>
	<filename>templates/podcasts/main_joomla1.5.tpl.php</filename>
	<filename>templates/podcasts/index.html</filename>		
	<filename>templates/rss/rss.tpl.php</filename>
	<filename>templates/rss/index.html</filename>	
	<filename>templates/search/main.tpl.php</filename>
	<filename>templates/search/index.html</filename>
	<filename>templates/search/regular_search_result_item.tpl.php</filename>
	<filename>templates/toolbar/button.tpl.php</filename>	
	<filename>templates/toolbar/close.tpl.php</filename>
	<filename>templates/toolbar/index.html</filename>
	<filename>templates/toolbar/open.tpl.php</filename>	
	<filename>templates/toolbar/css/index.html</filename>
	<filename>templates/toolbar/css/toolbar.css</filename>	
	<filename>templates/toolbar/images/index.html</filename>
	<filename>templates/toolbar/images/j_arrow.png</filename>
	<filename>templates/toolbar/images/j_arrow_down.png</filename>
	<filename>templates/toolbar/images/j_border.png</filename>
	<filename>templates/toolbar/images/j_bottom.png</filename>
	<filename>templates/toolbar/images/j_button2_first.png</filename>
	<filename>templates/toolbar/images/j_button2_first_off.png</filename>
	<filename>templates/toolbar/images/j_button2_last.png</filename>
	<filename>templates/toolbar/images/j_button2_last_off.png</filename>
	<filename>templates/toolbar/images/j_button2_left.png</filename>
	<filename>templates/toolbar/images/j_button2_next.png</filename>
	<filename>templates/toolbar/images/j_button2_next_off.png</filename>
	<filename>templates/toolbar/images/j_button2_prev.png</filename>
	<filename>templates/toolbar/images/j_button2_prev_off.png</filename>
	<filename>templates/toolbar/images/j_button2_right.png</filename>
	<filename>templates/toolbar/images/j_button2_right_cap.png</filename>
	<filename>templates/toolbar/images/j_corner_bl.png</filename>
	<filename>templates/toolbar/images/j_corner_br.png</filename>
	<filename>templates/toolbar/images/j_divider.png</filename>
	<filename>templates/toolbar/images/logo16.png</filename>
	<filename>templates/toolbar/images/settings_menu.png</filename>	
	<filename>templates/toolbar/images/status_g.png</filename>
	<filename>templates/toolbar/images/status_r.png</filename>
	<filename>templates/toolbar/images/users_menu.png</filename>
	<filename>templates/toolbar/images/header/icon-48-addons.png</filename>
	<filename>templates/toolbar/images/header/icon-48-browser.png</filename>
	<filename>templates/toolbar/images/header/icon-48-categories.png</filename>	
	<filename>templates/toolbar/images/header/icon-48-checkin.png</filename>
	<filename>templates/toolbar/images/header/icon-48-config.png</filename>
	<filename>templates/toolbar/images/header/icon-48-edit.png</filename>
	<filename>templates/toolbar/images/header/icon-48-google.png</filename>
	<filename>templates/toolbar/images/header/icon-48-static.png</filename>
	<filename>templates/toolbar/images/menu/icon-16-bug.png</filename>
	<filename>templates/toolbar/images/menu/icon-16-check.png</filename>
	<filename>templates/toolbar/images/menu/icon-16-config.png</filename>
	<filename>templates/toolbar/images/menu/icon-16-cpanel.png</filename>
	<filename>templates/toolbar/images/menu/icon-16-editadd.png</filename>
	<filename>templates/toolbar/images/menu/icon-16-google.png</filename>
	<filename>templates/toolbar/images/menu/icon-16-google2.png</filename>
	<filename>templates/toolbar/images/menu/icon-16-help.png</filename>
	<filename>templates/toolbar/images/menu/icon-16-import.png</filename>
	<filename>templates/toolbar/images/menu/icon-16-info.png</filename>
	<filename>templates/toolbar/images/menu/icon-16-messages.png</filename>
	<filename>templates/toolbar/images/menu/icon-16-remove.png</filename>
	<filename>templates/toolbar/images/menu/icon-16-save.png</filename>
	<filename>templates/toolbar/images/menu/icon-16-static.png</filename>
	<filename>templates/toolbar/images/menu/icon-16-xml.png</filename>
	<filename>templates/toolbar/images/toolbar/icon-32-apply.png</filename>
	<filename>templates/toolbar/images/toolbar/icon-32-back.png</filename>
	<filename>templates/toolbar/images/toolbar/icon-32-browser.png</filename>
	<filename>templates/toolbar/images/toolbar/icon-32-cancel.png</filename>
	<filename>templates/toolbar/images/toolbar/icon-32-check.png</filename>
	<filename>templates/toolbar/images/toolbar/icon-32-edit.png</filename>
	<filename>templates/toolbar/images/toolbar/icon-32-google.png</filename>
	<filename>templates/toolbar/images/toolbar/icon-32-import.png</filename>
	<filename>templates/toolbar/images/toolbar/icon-32-new.png</filename>
	<filename>templates/toolbar/images/toolbar/icon-32-publish.png</filename>
	<filename>templates/toolbar/images/toolbar/icon-32-save.png</filename>
	<filename>templates/toolbar/images/toolbar/icon-32-send.png</filename>
	<filename>templates/toolbar/images/toolbar/icon-32-tools.png</filename>
	<filename>templates/toolbar/images/toolbar/icon-32-trash.png</filename>
	<filename>templates/toolbar/images/toolbar/icon-32-unpublish.png</filename>
	<filename>templates/toolbar/images/toolbar/icon-32-upgrade.png</filename>
    <filename>templates/toolbar/js/index.html</filename>
    <filename>templates/toolbar/js/nifty.js</filename>
    </files>
    <install>
    <queries>
		<query>
CREATE TABLE `#__fdr_feeds` (
  `Id` int(11) NOT NULL auto_increment,
  `name` varchar(255) NOT NULL default '',
  `published` int(1) unsigned NOT NULL default '0',
  `internal` int(1) unsigned NOT NULL default '0',
  `keywords` mediumtext,
  `created` datetime NOT NULL default '0000-00-00 00:00:00',
  `created_by` int(11) unsigned NOT NULL default '0',
  `modified` datetime NOT NULL default '0000-00-00 00:00:00',
  `modified_by` int(11) NOT NULL default '0',
  `checked_out_time` datetime NOT NULL default '0000-00-00 00:00:00',
  `checked_out` int(11) NOT NULL default '0',
  `cache` int(1) unsigned NOT NULL default '1',
  `cache_refresh_time` int(11) unsigned default '3600',
  `keywords_based` int(1) unsigned NOT NULL default '0',
  `section_based` int(1) unsigned NOT NULL default '0',
  `pin` varchar(8) default NULL,
  `id_section` int(11) unsigned NOT NULL default '0',
  `id_category` int(11) unsigned NOT NULL default '0',
  `url` varchar(255) default NULL,
  `format` varchar(20) NOT NULL default 'RSS2.0',
  `tag_to_pull_keywords_from` varchar(100) NOT NULL default '',
  `ignore_accesslevel` int(1) unsigned NOT NULL default '0',
  `itemid` varchar(5) NOT NULL default '0',
  `orderby` varchar(50) default NULL,
  `ordering_direction` varchar(4) default 'DESC',
  `count` int(5) unsigned NOT NULL default '5',
  `show_full` int(1) unsigned NOT NULL default '0',
  `limit_text` int(1) unsigned NOT NULL default '0',
  PRIMARY KEY  (`Id`)
) ENGINE=MyISAM;
		</query>

<query>INSERT INTO `#__fdr_feeds` (`name`,`published`,`internal`,`keywords`,`created`,`created_by`,`modified`,`modified_by`,`checked_out_time`,`checked_out`,`cache`,`cache_refresh_time`,`keywords_based`,`section_based`,`pin`,`id_section`,`id_category`,`url`,`format`,`tag_to_pull_keywords_from`,`ignore_accesslevel`,`itemid`) VALUES ('Latest News',1,1,'Joomla','0000-00-00 00:00:00',0,'2008-01-08 21:29:28',0,'0000-00-00 00:00:00',0,0,3600,0,1,'',1,1,'','RSS2.0','',1,'0');</query>

<query>
CREATE TABLE `#__fdr_ku` (
  `id_content` int(21) unsigned NOT NULL default '0',
  `keyword` varchar(255) NOT NULL default '0',
  PRIMARY KEY  (`id_content`,`keyword`)
) ENGINE=MyISAM;
</query>

<query>
CREATE TABLE `#__fdr_kurss` (
  `id_rss` int(21) unsigned NOT NULL default '0',
  `keyword` varchar(255) NOT NULL default '0',
  PRIMARY KEY  (`id_rss`,`keyword`)
) ENGINE=MyISAM;
</query>


<query>
CREATE TABLE `#__fdr_parsed_items` (
  `Id` int(11) NOT NULL auto_increment,
  `title` varchar(200) NOT NULL default '',
  `description` text,
  `category` varchar(200) default NULL,
  `link` text,
  `pubdate` varchar(100) NOT NULL default '',
  `guid` mediumtext,
  `enclosure_url` varchar(250) default NULL,
  `enclosure_length` varchar(100) default NULL,
  `enclosure_type` varchar(100) default NULL,
  `itunes_author` varchar(250) default NULL,
  `itunes_category` varchar(100) default NULL,
  `itunes_duration` varchar(20) default NULL,
  `itunes_image` varchar(100) default NULL,
  `itunes_email` varchar(100) default NULL,
  `itunes_keywords` mediumtext,
  `itunes_name` varchar(100) default NULL,
  `itunes_subtitle` varchar(250) default NULL,
  `itunes_summary` varchar(250) default NULL,
  `itunes_owner` varchar(100) default NULL,
  `format` varchar(20) NOT NULL default 'RSS2.0',
  `parsing_time` int(11) unsigned NOT NULL default '0',
  `keywords` mediumtext,
  `id_feed` int(1) unsigned NOT NULL default '0',
  PRIMARY KEY  (`Id`)
) ENGINE=MyISAM;
</query>

<query>
CREATE TABLE `#__fdr_parsed_items_ku` (
  `id_parsed_item` int(21) unsigned NOT NULL default '0',
  `keyword` varchar(255) NOT NULL default '0',
  PRIMARY KEY  (`id_parsed_item`,`keyword`)
) ENGINE=MyISAM;
</query>

<query>
CREATE TABLE `#__fdr_text_vars` (
  `Id` int(11) NOT NULL auto_increment,
  `name` varchar(40) NOT NULL default '',
  `value` text,
  PRIMARY KEY  (`Id`)
) ENGINE=MyISAM; 
</query>

<query>INSERT INTO `#__fdr_text_vars` (`Id`,`name`,`value`) VALUES (1,'tmspMessage','<![CDATA[<p>Hello,&nbsp; [USERNAME]!&nbsp;</p><p>The following RSS feeds were updated:</p><p>[RSS_FEEDS]&nbsp;</p><p>You&#39;re currently subscribed to receive notices about updated content at [SITENAME]. To unsubscribe, please log in to your profile at [SITENAME]</p>]]>');</query>
<query>INSERT INTO `#__fdr_text_vars` (`Id`,`name`,`value`) VALUES (2,'tmspTextMessage','<![CDATA[Hello, [USERNAME]!\r\nThe following RSS feeds were updated:\r\n[RSS_FEEDS]\r\nYou\\\'re currently subscribed to receive notices about updated content at [SITENAME]. To unsubscribe, please log in to your profile at [SITENAME]]]>');</query>
<query>INSERT INTO `#__fdr_text_vars` (`Id`,`name`,`value`) VALUES (3,'tmspEachRSSMessage','<![CDATA[<b>[NAME_URL]</b><br>[KEYWORDS]<br>To listen to the news related to this RSS feed dial [PHONE] now and enter the PIN: [PIN] and the # sign.\r\n]]>');</query>
<query>INSERT INTO `#__fdr_text_vars` (`Id`,`name`,`value`) VALUES (4,'tmspEachRSSTextMessage','<![CDATA[*This txt message alert brought to you by: Nextier Bank www.thebank.com*\r\n[NAME] \r\n[KEYWORDS]\r\nTo listen to the news related to this RSS feed dial [PHONE] now and enter the PIN: [PIN] and the # sign.]]>');</query>
<query>INSERT INTO `#__fdr_text_vars` (`Id`,`name`,`value`) VALUES (5,'tmspConfirmationTextMessage','<![CDATA[Your subscription request is received, but please confirm it at our website to start. Your confirmation code is: [CODE]\r\n\r\nBe sure to search for or create your own RSS feed in the  Personal PhoneFeeds section of [SITENAME] and click on the \\\"watch\\\" link for the feeds you want txt messaged to you.]]>');</query>
<query>INSERT INTO `#__fdr_text_vars` (`Id`,`name`,`value`) VALUES (6,'stopWords','<![CDATA[font style div img alt height width class lh table border align right cellspacing cellpadding tr td center valign top href img br the a because should something early few since through during others around long before sure click go hour hours am pm any does if i you he she to here been still km well look other him must whom within has also two often only than want without when of if can while was and it in that with my so at for up on by this from be as me some her she time again were down back would his how just brother both all one needed not had after there out lot quite do may see many know always no except anyone per them the very they their most then about but like who your will we is are or our have an more what us which its being into later these following]]>');</query>
<query>INSERT INTO `#__fdr_text_vars` (`Id`,`name`,`value`) VALUES (7,'parsedTags','description');</query>

<query>
CREATE TABLE `#__fdr_vars` (
  `Id` int(11) NOT NULL auto_increment,
  `name` varchar(50) NOT NULL default '',
  `value` varchar(50) default '0',
  PRIMARY KEY  (`Id`)
) ENGINE=MyISAM;
</query>

<query>INSERT INTO `#__fdr_vars` (`Id`,`name`,`value`) VALUES (1,'sendEmails','0');</query>
<query>INSERT INTO `#__fdr_vars` (`Id`,`name`,`value`) VALUES (2,'titleNotificationMessage','New Audio for you');</query>
<query>INSERT INTO `#__fdr_vars` (`Id`,`name`,`value`) VALUES (3,'useCommunityBuilder','0');</query>
<query>INSERT INTO `#__fdr_vars` (`Id`,`name`,`value`) VALUES (4,'cb_Phone','phone');</query>
<query>INSERT INTO `#__fdr_vars` (`Id`,`name`,`value`) VALUES (5,'cb_ReceiveNotices','cb_xrssreceivenotices');</query>
<query>INSERT INTO `#__fdr_vars` (`Id`,`name`,`value`) VALUES (6,'cb_PhoneServiceProvider','cb_xrssphoneserviceprovider');</query>
<query>INSERT INTO `#__fdr_vars` (`Id`,`name`,`value`) VALUES (7,'titleConfirmationMessage','Your confirmation code');</query>
<query>INSERT INTO `#__fdr_vars` (`Id`,`name`,`value`) VALUES (8,'phonePIN','795084433');</query>
<query>INSERT INTO `#__fdr_vars` (`Id`,`name`,`value`) VALUES (9,'enableBookmarking','1');</query>
<query>INSERT INTO `#__fdr_vars` (`Id`,`name`,`value`) VALUES (10,'deleteParsedItemsEveryNumberOfDays','1');</query>
<query>INSERT INTO `#__fdr_vars` (`Id`,`name`,`value`) VALUES (11,'numberOfHoursRSSConsideredToBeNew','24');</query>
<query>INSERT INTO `#__fdr_vars` (`Id`,`name`,`value`) VALUES (12,'mode','demo');</query>
<query>INSERT INTO `#__fdr_vars` (`Id`,`name`,`value`) VALUES (13,'enableWatching','0');</query>


	</queries>
    </install>
    <uninstall>
        <queries>
             <query>DROP TABLE `#__fdr_feeds`, `#__fdr_ku`, `#__fdr_kurss`, `#__fdr_parsed_items`, `#__fdr_parsed_items_ku`, `#__fdr_text_vars`, `#__fdr_vars`;</query>
        </queries>
    </uninstall>
    <installfile>install.feederator.php</installfile>
    <uninstallfile>uninstall.feederator.php</uninstallfile>
    <administration>
         <menu>Feederator</menu>

         <files>
			 <filename>admin.feederator.php</filename>
			 <filename>install.feederator.php</filename>
			 <filename>Recly_Config.php</filename>
			 <filename>uninstall.feederator.php</filename>
			 <filename>Recly.zip</filename>
			 <filename>index.html</filename>
			 <filename>images/icon.gif</filename>
			 <filename>images/graytab.jpg</filename>
			 <filename>images/logo.jpg</filename>
			 <filename>images/logo_welcome.jpg</filename>
			 <filename>images/index.html</filename>		 
			 <filename>includes/index.html</filename>
			 <filename>includes/about/about.php</filename>
			 <filename>includes/about/about_welcome.php</filename>
			 <filename>includes/about/index.html</filename>
			 <filename>includes/js/index.html</filename>
			 <filename>includes/js/prototype.lite.js</filename>
			 <filename>includes/js/moo.fx.pack.js</filename>
			 <filename>includes/js/moo.fx.js</filename>
			 <filename>includes/rss/rss.php</filename>
			 <filename>includes/rss/new.php</filename>
			 <filename>includes/rss/edit_rss_internal.php</filename>
			 <filename>includes/rss/add_rss_internal.php</filename>
			 <filename>includes/rss/index.html</filename>
			 <filename>includes/settings/settings.php</filename>
			 <filename>includes/settings/index.html</filename>
			 <filename>templates/dashboard.tpl.php</filename>
			 <filename>templates/about.tpl.php</filename>
			 <filename>templates/index.html</filename>			 
			 <filename>templates/rss/main.tpl.php</filename>
			 <filename>templates/rss/index.html</filename>		 		 			 
         </files>
    </administration>
</mosinstall>
